freq, W
102000,1.5877760394139497
204000,1.6468824653952314
307200,1.7576563574081716
403200,2.393523366075113
518400,2.609065815883952
614400,2.6710127653735034
710400,2.7618982377218324
825600,2.9212002435642748
921600,2.980675920268952
1036800,3.1175492769638273
1132800,3.166793929426331
1224000,3.323128908419283
1326000,3.589520832851837
1428000,3.765361857139892
